Date,BAC Return,C Return,GS Return,JPM Return,MS Return,WFC Return
2020-01-03,-0.02076312784630585,-0.0188354837555329,-0.011693433797878128,-0.01949110547436783,-0.016141432317639648,-0.006139568949854679
2020-01-06,-0.0014327521367222262,-0.003136762980836094,0.010234023225012656,-0.000795146835792071,-0.003515630908077494,-0.005990260310608675
2020-01-07,-0.006599700209660608,-0.008684642397924991,0.006582639730756457,-0.01700058538205096,-0.001960060523738094,-0.008286226729807167
2020-01-08,0.010109829567210404,0.007618060663371784,0.009639428259038185,0.007800982635435716,0.012765152184850637,0.0030383563971843053
2020-01-09,0.001715686488401591,0.009072595957228424,0.0203567114253973,0.0036512340520362674,0.009501680848680971,-0.001703902936536883
2020-01-10,-0.008278535853146196,-0.01036465799296249,-0.002019808247469612,-0.009967950326336461,0.0028812467772734163,-0.004361834709520562
2020-01-13,0.009211274593074359,0.01766563439594826,0.012804122488540681,0.008304472427424603,0.010917443110887604,-0.007428559802827417
2020-01-14,0.007415810363637698,0.015623088808326413,0.0018351492024029081,0.011661852325836497,0.0015157603809203835,-0.05392441643404655
2020-01-15,-0.01840321436849157,-0.008179779860634784,-0.0018317875988519416,-0.014985603640650269,0.0015133941625751213,-0.019878287168402786
2020-01-16,0.001442257121392121,-0.0029541835312696385,0.01839237544697192,0.0038765270228553472,0.06611258199455627,0.019246695179002682
2020-01-17,-0.0002880799504265674,0.0014815153899017108,-0.0010411441036561886,0.0069216535391052325,0.018958180738116948,-0.0014213136004918026
2020-01-21,-0.012964585848714627,-0.015039462270660886,-0.01507259546392048,-0.009840815053425045,-0.02764736913568222,-0.0048800666323204345
2020-01-22,0.0029189227588346522,0.0025030906686205334,0.005494530404084763,-0.001169275550945592,-0.0010729177496122677,-0.0077645538226596145
2020-01-23,-0.006984914848764401,-0.003745261274383238,-0.005950217375205402,-0.0010242859024768292,-0.005907658923181902,-0.007001650390703995
2020-01-24,-0.01699877006195971,-0.017293293609493166,-0.014903508570812907,-0.02482788601391217,-0.01764811027875801,-0.013479915168476353
2020-01-27,-0.020572523034333434,-0.02180565065544493,-0.015624995072367254,-0.00841152961717917,-0.026397775377614785,-0.009880202306460473
2020-01-28,0.01187224421495614,0.0069091224823669695,0.0186445051347357,0.01817764082915918,0.017134246600530867,0.005732493981120301
2020-01-29,-0.006919474889274468,-0.009839390572956241,-0.010141012017884532,-0.0014877405277000655,-0.006293967969395409,-0.002111008578760676
2020-01-30,0.014238147367506393,0.0124215076692471,0.01670002435102491,0.012366860723730166,0.0026080363050022815,0.013539229605472158
2020-01-31,-0.019414507767888223,-0.03900292691674623,-0.026133636813201355,-0.02597688420893296,-0.028985532927103264,-0.020246320680285312
2020-02-03,0.004264373494978324,0.009676032198278506,0.005299661437795811,0.007630662603343552,0.006505935007804942,0.0038346891870884026
2020-02-04,0.01971482217518039,0.018235096455027522,0.012258934780597697,0.014396027886619311,0.026996236213603808,0.0029711246354402476
2020-02-05,0.03242118343894851,0.03071893430223649,0.00975448700726167,0.017000540807873277,0.01795633492194315,0.022217585464437084
2020-02-06,-0.0011524320536567823,0.0015219118440619184,-0.010151435516002172,0.00014539045710715293,0.00036364143400713367,-0.006830921582981708
2020-02-07,-0.00173053249963806,-0.00354563473431313,-0.015796903517156458,-0.0031974597736695864,0.0003635785925091284,-0.0029178697579018698
2020-02-10,0.0023114133183081975,-0.0026686882444695303,-0.0026890730657497253,0.004155481022291019,0.0058150045779141735,-0.0014632043185817123
2020-02-11,0.002306192972665322,0.007772591168003995,-0.003791683072843388,0.001887574389917157,0.007768750081841969,0.004605426388840872
2020-02-12,0.0043139979639588155,0.003034587233241348,0.009261554260493687,0.0,0.007171056554905686,-0.004167550655227337
2020-02-13,-0.000286320792023842,-0.004159861634157935,-0.0012570199063104415,-0.0008695298346920177,-0.004449982175898426,0.00690516865527413
2020-02-14,-0.0017187445876045704,-0.002658216259147528,-0.005328316509081055,-0.0030461136790811416,-0.0016091570194316507,0.0020781855992955123
2020-02-18,-0.016642698472085105,-0.015357267044201817,-0.01632358312509752,-0.013240267971230568,-0.005730653544946063,-0.025508077791342565
2020-02-19,0.013131040470631516,0.006058278030550257,0.017666459408161028,0.0136390895889138,0.014229123000968347,0.0021280798159009073
2020-02-20,0.0037441603930721268,0.0021780674221445473,-0.01938232026303266,0.0,-0.045462640931585474,0.005308982781692784
2020-02-21,-0.014060197567394295,-0.022756312343622742,-0.009066302793309777,-0.012219127699822807,-0.02474422011264532,0.007604575606066755
2020-02-24,-0.04743891266475031,-0.051151275997230905,-0.02636372370038942,-0.02687573788453701,-0.0522700869797581,-0.027463340719877327
2020-02-25,-0.050412454677887686,-0.042740914467048974,-0.030863066193069333,-0.044642867451512136,-0.03321259089660278,-0.027376600010196595
2020-02-26,-0.014478789061907915,-0.0180037446997795,-0.008409548393556898,0.0030096407966788696,-0.016447993356406343,-0.02171984852472586
2020-02-27,-0.048971597815821055,-0.05470817454147825,-0.046760572782331034,-0.04161399769792784,-0.03873839470858553,-0.037834123063829384
2020-02-28,-0.021627160278641866,-0.015360712345177774,-0.023919481309485846,-0.04333856815685533,-0.008368224386525513,-0.03814463621423958
2020-03-02,0.030526345236259633,0.06508032324300017,0.04333315118345871,0.04659371289532599,0.032200772868022254,0.0345165214217904
2020-03-03,-0.05515835181963458,-0.037579426302008945,-0.028834718621870592,-0.03752466824030254,-0.044750388055992296,-0.04093704711187418
2020-03-04,0.02306304106841206,0.035972270993266164,0.02610240873304126,0.02470929730053406,0.018918921705403324,0.021465649464229353
2020-03-05,-0.056710064727580334,-0.057872054407240525,-0.04766701133078732,-0.04906130436612077,-0.05857651254553875,-0.06038647120428886
2020-03-06,-0.03995524924338156,-0.03480867602370008,-0.029880715243384204,-0.05168026082795629,-0.01760976748797749,-0.04652959645996113
2020-03-09,-0.14702446183982065,-0.16171671091416784,-0.10391500083316074,-0.1354552104147163,-0.10372849275239437,-0.12429227800986964
2020-03-10,0.07660739999074595,0.08195450626254197,0.0667785932987417,0.07769685699000806,0.05333333333333323,0.08004933268048142
2020-03-11,-0.03981365987959706,-0.0861820935178701,-0.0675888597848523,-0.04707048666750002,-0.0665823055219047,-0.07839224220238072
2020-03-12,-0.09528009881529842,-0.1482575794105192,-0.1233929070287989,-0.08243013868467997,-0.15080009837304764,-0.15867617623168817
2020-03-13,0.17796194918566632,0.17984287785146646,0.1758030712820826,0.1801249297064611,0.1977004356320997,0.13566171041203368
2020-03-16,-0.15397348248547105,-0.1929859347988726,-0.12705308313753505,-0.1496487585769194,-0.15600001017252607,-0.1421171730783385
2020-03-17,0.0753424152613269,-0.022821040496453393,0.025927805585707286,0.06111364292188881,0.0676145757595572,0.11811317587798498
2020-03-18,-0.05414006603695809,-0.09490682471612966,-0.11753951037817889,-0.10526879822636115,-0.089967470646927,-0.05096180777259718
2020-03-19,0.019721011513082365,0.08811416573105535,0.06763320191217614,0.01680776817699403,0.005528457765656691,0.0060455217361430336
2020-03-20,-0.07216984111246649,-0.039858679129294416,-0.07411867967026975,-0.021102027987802252,-0.04042690805031279,-0.06327327174262753
2020-03-23,-0.08083376443420254,-0.0701524405492081,-0.024853712523583815,-0.053532948750935616,-0.06268960584997385,-0.047169811320754707
2020-03-24,0.16316375970065589,0.14891213757141641,0.13803070841163212,0.11894219500280934,0.1945344069994004,0.14534653767500783
2020-03-25,0.0033285636014586117,0.029513053798396083,0.009960929156902276,0.03731768676206437,0.02317882087505163,0.0017288809449738096
2020-03-26,0.07677719917519377,0.09937887689336011,0.06871648338677638,0.06966095231441449,0.05060303974905378,0.0666206541567329
2020-03-27,-0.049295729125592325,-0.048239921743169045,-0.044936348693762396,-0.0712393528077796,-0.04760573527089906,-0.02006469059996241
2020-03-30,0.020370394735505837,0.006392753398891005,0.008083862630420935,0.026006834390562172,0.024404641929346438,-0.01188905555442521
2020-03-31,-0.036751421943924,-0.04446467372397167,-0.03151233512821516,-0.03711231252088909,-0.024110222414149285,-0.04077537801616238
2020-04-01,-0.06877056598932285,-0.08570751903839191,-0.060159151769630714,-0.06297898751331732,-0.0699999753166648,-0.07421606311821849
2020-04-02,0.04046531201502268,0.018696474995703483,0.031936125019363715,0.03733998936804639,0.07210628166133803,0.02446366676687961
2020-04-03,-0.02625177521585398,-0.044353756922586585,-0.020009338668397048,-0.03953832704844795,-0.0014750162096494046,-0.03637030845303724
2020-04-06,0.06789808569051492,0.09682574262201049,0.07690739546072556,0.064366399003976,0.0933530277653627,0.09149827146072664
2020-04-07,0.03506311460499423,0.0031615046569086758,0.04923218577554489,0.013190256173170267,-0.0018913725479282606,0.004890020995492073
2020-04-08,0.05916898868134157,0.07296965627959273,0.06589568822954761,0.0403795640639355,0.06578236046329478,0.05248523478818212
2020-04-09,0.060127923306530606,0.07117039415580773,0.04125218985085355,0.08971366713349171,0.04343416168561376,0.09643328963271003
2020-04-13,-0.037811766330617336,-0.015397585838131445,-0.027569749172364322,-0.04447255352102564,-0.0365141171650597,-0.053313265574966184
2020-04-14,-0.00794316611419743,-0.026992333504564314,-0.005301914204010272,-0.027395889342313406,0.007074248770680525,-0.03977091911749531
2020-04-15,-0.06489671461803914,-0.05636278427558539,0.00162715901853705,-0.04931936214107491,-0.03662817516599581,-0.057654067379838914
2020-04-16,-0.034700335251540926,-0.05459636302531301,-0.008290448974386688,-0.038109913532129,-0.0010416904671315397,-0.054500742450866446
2020-04-17,0.0868347620787393,0.1216683181016891,0.03643251497760014,0.08988890770101432,0.019030227597007343,0.05541092617844212
2020-04-20,-0.033505183146019135,-0.03168322150129532,-0.01684021747328801,-0.03645725162405189,-0.01867484112015283,-0.024665217628283775
2020-04-21,-0.03822224934895835,-0.05544191592289027,-0.036529914417137044,-0.0290044276444138,-0.036757034019223034,-0.030346825987238923
2020-04-22,0.007393708499300766,0.01611744018670258,0.012484886942212725,0.0032565219112261623,0.0232747115722427,-0.0014903470678068187
2020-04-23,0.003211082780858465,0.005208271715529067,-0.005284649950901832,0.0005596939087471053,-0.008992333780449613,-0.010074573063482362
2020-04-24,0.014174643532078202,0.015072995841926007,0.011139656750909221,0.014766749120003642,0.01334400810544234,0.014700315852036683
2020-04-27,0.058160459442269996,0.08027849238202278,0.036949114610919764,0.04310443943967224,0.03529102210977175,0.0553491741045824
2020-04-28,0.017895189117238974,0.01396043152942239,0.018905967896018838,0.007080935843341241,0.020859823611742767,0.01619151687053577
2020-04-29,0.03725413644768483,0.06460494166931019,0.016148892364950873,0.02697029772412818,0.01644654447658378,0.039140946585320746
2020-04-30,-0.029459299005523243,-0.03382405501422092,-0.034783984911921695,-0.02145921174150245,-0.03334151948581732,-0.031666692097981786
2020-05-01,-0.04033261306136526,-0.06260298248672225,-0.0344563958593459,-0.02621138346112062,-0.02612221078683763,-0.05025814536373763
2020-05-04,-0.006499116942206062,-0.008787379654138006,-0.006041825450832206,-0.011903491800016708,-0.008072952108663212,-0.008698795570526774
2020-05-05,-0.011774987098570944,-0.02593081109579798,0.012895553531798942,-0.0015194203448645194,-0.002887913098212125,-0.03765998801752701
2020-05-06,-0.013680470786842758,-0.02275312816019892,-0.007739791694854392,-0.018804384314495604,-0.017904168335220128,-0.026975649418881864
2020-05-07,0.021923926745183397,0.039348046488679955,0.03052232201651295,0.010413232262798111,0.04048263182617329,-0.014837995277580673
2020-05-08,0.031961450847609374,0.03763441595309147,0.016838481472690736,0.016335904821022984,0.03272353550179674,0.00792710133048713
2020-05-11,-0.042002536441931304,-0.04857512985371226,-0.012028673255735423,-0.02944979306809814,-0.006237524665138494,-0.025560346469912454
2020-05-12,-0.031443715096174496,-0.03902884575933252,-0.03248524147891285,-0.03267758587881098,-0.03540054223673228,-0.02986278251061414
2020-05-13,-0.04572473532813326,-0.041322315538438015,-0.030528770707879183,-0.03447087259656101,-0.0372201082412954,-0.06281198716205261
2020-05-14,0.040249075776755516,0.03596066389264885,0.015424876888308514,0.041532761090904424,0.02216814429888414,0.06790939781035021
2020-05-15,-0.01243659888535631,-0.003328654298014544,-0.014789348674051017,-0.018509999763760776,-0.013752987010759554,-0.029093884918064417
2020-05-18,0.06949625625014733,0.08945611077764859,0.05824175277831234,0.05296851387124257,0.08018229526308529,0.0877568143620735
2020-05-19,-0.03139996559618907,-0.02715125713783595,-0.022267445255278462,-0.0196793680414985,-0.023584830611525942,-0.05745765813616688
2020-05-20,0.03151737018435252,0.023407627917711116,0.020300290013949507,0.029998914142765676,0.043986764853652494,0.023799568963114304
2020-05-21,-0.00043650060883637654,-0.010336512163741207,-0.007385341269069756,-0.012701233317121696,-0.018509549703153216,-0.0024470380167557204
2020-05-22,-0.010480339524720383,-0.02000003390842009,-0.0009439945695318697,-0.007763080430928437,-0.004218316927137256,-0.011856051473150053
2020-05-26,0.07149165269824187,0.09229024570630284,0.08964600422052715,0.07097349265098396,0.08871162381857745,0.08647083764959418
2020-05-27,0.07001642535067365,0.08490762524513995,0.06936655244755463,0.05792113409970723,0.07255669680210652,0.06435645541993873
2020-05-28,-0.04311004432713539,-0.05931876336941577,-0.040255662949468696,-0.014895946486312761,-0.05249677875439962,-0.026118119129102557
2020-05-29,-0.029766683545857653,-0.025427176645237526,-0.02350658830555863,-0.025535780454356227,-0.004504521533020278,-0.027553270349718217
2020-06-01,0.020315081014472103,0.03214362179987629,0.01750718655629968,0.013256612351167707,0.011312216999309177,0.023422775040292443
2020-06-02,0.00934577556002103,0.028109188436862054,0.02105740443203241,0.003346874606101613,0.019686824454035357,0.01144331724607861
2020-06-03,0.04629628065483171,0.04917387868797518,0.03149803053686284,0.0539775227071464,0.02917941998526352,0.052189792886299546
2020-06-04,0.030396341765468016,0.04330711223627426,0.02018331126073525,0.020811411414619396,0.037944975167060635,0.0482136452766857
2020-06-05,0.04966392418239529,0.057681922667691454,0.014430643045495684,0.04500188656200166,0.017252006085026084,0.04798149556206921
2020-06-08,0.015297057838463024,0.040434948070603216,0.013261744740874715,0.01995858603172662,0.012517721822379535,0.052099766799980296
2020-06-09,-0.011212389345045648,-0.02841282871941231,-0.012272956320100503,-0.02565003182893366,0.0049850447137274045,-0.020708242287774237
2020-06-10,-0.057406058515321656,-0.061176460330225835,-0.020999549302538334,-0.040528345574713076,-0.03392862792458218,-0.08948825890465228
2020-06-11,-0.10037594127832938,-0.13372719547229717,-0.09081116055480187,-0.0834433214957584,-0.08461694491863747,-0.0982833476582432
2020-06-12,0.03552028293480136,0.07976856083981043,0.039406550785914485,0.027363477905168132,0.03836659403592568,0.04404622461745533
2020-06-15,0.014931352769661732,0.013971283105001397,0.02245018736595239,0.013817935470770815,0.0242005785679289,0.008580614122631447
2020-06-16,0.025844915641722643,0.02774634264636444,0.015898399583691214,0.00799997588734569,0.024472569832699076,0.010989060026650233
2020-06-17,-0.031007723283626443,-0.026629949359456617,-0.016222119165473337,-0.02527919129313083,-0.016474526959091684,-0.037517520254209735
2020-06-18,0.0016000366210937589,0.0007547342552329805,-0.01139728442548249,-0.005428235799207037,-0.003768770871111271,0.00364293156071982
2020-06-19,0.008386544600421209,-0.0022624951830817475,-0.010841795009723154,-0.011421112340094242,-0.01366123372981165,0.001814923622281528
2020-06-22,-0.024950461812538682,-0.016250884833910684,0.008877613662575445,-0.01083731300533719,0.009588765395550647,-0.00905797088929916
2020-06-23,0.006904958184365206,0.017095646680198584,0.006685678018844676,0.012196385583212122,0.01076399978970044,-0.004387599179512369
2020-06-24,-0.03953212639742709,-0.040415474198562396,-0.03301100960607761,-0.03339116341137782,-0.019628286462500255,-0.040763816440070655
2020-06-25,0.03821923006398076,0.03680375676722103,0.04585396240352191,0.03486156026512188,0.03919063094116737,0.047856047466983354
2020-06-26,-0.06351131627969164,-0.058845832501191575,-0.08647997650544414,-0.054818321731009645,-0.03566307943874303,-0.0741688207672837
2020-06-29,0.01036716091027734,0.014320271445168453,0.022622753443974464,0.004428163714502498,0.004038309128315376,0.014206811688388887
2020-06-30,0.015391219313621862,0.01610653298563891,0.021450322377112307,0.011397823210685498,0.022438558868149272,-0.003891065311325992
2020-07-01,-0.020631569310238462,-0.014677104156467391,-0.0002529490648914834,-0.008505160994342287,-0.014285686078842619,-0.019921883643837512
2020-07-02,0.001289797349539823,0.003972209910636737,-0.0008605224549866897,-0.006433609911831617,0.0037807246979251197,0.009964129074515604
2020-07-06,0.015886600143415475,0.02809103867605023,0.05045596262323171,0.025253574847930782,0.021552600116444554,0.005919479780072345
2020-07-07,-0.027472511526722143,-0.031749114626181685,-0.03858024680002159,-0.02821052952816616,-0.027242892762623816,-0.040408030439159304
2020-07-08,0.003911349486860116,0.01112880319330789,0.014496385337081419,0.010615287696849274,0.029900992182722463,0.0036794830726312178
2020-07-09,-0.014285710747034108,-0.028105351319890448,-0.026798507633845836,-0.021650634580797856,-0.028624034558302758,-0.020773863029833084
2020-07-10,0.054896792923594395,0.06471184456154155,0.04435297285132522,0.054666936136082755,0.048200399840667485,0.05948412410015824
2020-07-13,0.007077438511829737,-0.00854702279008035,0.016151037962881754,0.014334734921920056,0.008433774901145386,-0.0023556916984651677
2020-07-14,-0.002067017085790601,-0.03927201546165471,0.02455950547732666,0.005734741933878462,0.005575443498425203,-0.04565131264769562
2020-07-15,0.019055551095769507,0.033698874881128216,0.013504039361844411,0.015477082645663609,0.016831652952892906,0.04536084047297839
2020-07-16,-0.027235775036761,-0.007330267496078791,-0.010281216183912534,0.002807568132678684,0.02512173230496728,0.0043391992642074495
2020-07-17,-0.029669911523892645,-0.024096344458421903,-0.015186074135382088,-0.018498134532594857,-0.004369292266396929,-0.020031356632853825
2020-07-20,0.01550390271305968,-0.0015930272622476371,0.00141905797531372,-0.008761212085035108,-0.010494165973322422,-0.015230503266344009
2020-07-21,0.03562341625554466,0.031711212045131276,0.0014642555796273715,0.021685514328598332,0.010027004466711897,0.06634111063740078
2020-07-22,-0.0045045294843527595,-0.0013531740855142749,-0.028393567357563154,-0.007242744132173851,-0.026345953416852197,0.002290055885313391
2020-07-23,0.009461186945198596,0.008130119722863594,-0.014465998677374081,0.002938503479108956,-0.008627424053117339,0.0034272715842897927
2020-07-24,-0.007742482761579517,-0.007872573880458145,-0.00763473066268705,-0.007072181793249865,-0.0075158437063646,-0.0034155655136605123
2020-07-27,-0.008624270576237825,-0.007354311338961028,0.0076934682204117255,-0.01404148626941859,0.022718202126651876,-0.029322180161932887
2020-07-28,0.00911355535483005,-0.00038994847741591343,-0.006895917278154418,0.004334346360491459,-0.020654742392719028,0.0015692787715386736
2020-07-29,0.03735631463922928,0.024380729253742794,0.004761465812501475,0.024249903593835276,0.006565894191709498,0.00979240083337607
2020-07-30,-0.017016236540813856,-0.03141663197824662,-0.015055795360794932,-0.026685429915385472,-0.032417461646608525,-0.043832468503408384
2020-07-31,0.0016102660198471508,-0.01690585076487039,-0.007868451235577223,-0.003916690028509917,-0.0014300243867864104,-0.015821476498330656
2020-08-03,0.004421246545901036,0.007598501916997957,0.0072236443083586455,-0.005587757853247499,0.01186575293951364,0.0012366317544296734
2020-08-04,0.0008003384532555557,-0.004961301905698323,0.011284417507836153,-0.005723157451572591,-0.004043687154095421,-0.0028819102319631584
2020-08-05,0.01519388873606542,0.0179497713768364,0.014282904639605798,0.017373061011998647,0.01035327149021703,0.007431887294750306
2020-08-06,0.0031508438609364475,-0.0029389013163844124,-0.0013201851497188777,0.0003085976708097071,-0.00642956985897114,-0.006557370898096271
2020-08-07,0.02512765269928785,0.02416976924716807,0.019681783463701086,0.02200739856706413,0.018200155658160133,0.03424092126828304
2020-08-10,0.017234731714729,0.01419803709961509,0.0053296230257884325,0.012678629211645864,0.0045680906435738855,-0.014758633282359157
2020-08-11,0.013554240120116967,0.017026063200714203,0.008023653818909349,0.03159777746881498,0.02372473121393659,0.025101170556036223
2020-08-12,-0.007057969298630673,-0.007626485495031865,0.0050696832019136995,-0.008476182392647802,0.011587529991566203,-0.005134248117434792
2020-08-13,-0.014216205285232486,-0.008622288615355633,-0.01763072364623841,-0.005537203043575412,-0.0038182657285434907,-0.006748712691137082
2020-08-14,0.0045540390947831355,0.0007563039513889258,-0.0020154430163417114,0.00039074840728847704,0.0022997112146980747,0.011190998168427058
2020-08-17,-0.02153380089196477,-0.028528285046747204,-0.02356106105555278,-0.026364656587115176,-0.019502877105988303,-0.03280632208439893
2020-08-18,-0.014285673256151266,-0.0210034627541017,-0.008667009908632117,-0.013940421245725365,-0.007020292880679735,-0.017572472819501805
2020-08-19,-0.001175114995637272,-0.00099323076895097,0.008494395383266795,0.0023393343942992306,0.008837407288319499,0.0012478693075881342
2020-08-20,-0.01568625955020675,-0.014118096471408936,-0.005762969876481394,-0.011973620178946653,-0.011095964700720051,-0.013294545030386073
2020-08-21,-0.004780909856957227,-0.00564749059405556,0.002873354246856863,-0.0005135365137860504,0.005905496881222216,-0.004631604646381571
2020-08-24,0.028422778416020922,0.03569984104396107,0.02425531709608575,0.028154519855750237,0.024853238663144817,0.03595602383314467
2020-08-25,0.012066931082053145,0.011555035971787309,-0.006462797152301025,0.004397386089766808,-0.0061103628289247425,0.004899993481213505
2020-08-26,-0.016923097463754533,-0.01548892600432894,0.005922336022830654,-0.014029887185167955,-0.006532183622892429,-0.02316130356309143
2020-08-27,0.019170570475600668,0.017109199069588854,0.014139526389929102,0.0328994071723856,0.017404787116872322,0.022878503166166908
2020-08-28,0.009596929263795628,0.010827485409447224,-0.011610693568799624,0.004103548365479437,0.005322158830041612,0.004066709265929003
2020-08-31,-0.021292755976709765,-0.02218821489092071,-0.013672964733913773,-0.02510454690993924,-0.011911534796473,-0.021871239523970853
2020-09-01,-0.0011655278520698031,0.001564981078369776,0.002879931716414541,-0.0004990822491202085,0.006123297355515422,-0.004140802610737793
2020-09-02,0.012057618993780439,0.014648437281721272,0.022291377507078103,0.015078910978968407,0.012742452369973067,0.021621641341358577
2020-09-03,-0.01383553435888385,-0.008662189727251746,-0.011807254841036952,-0.003148054009057266,-0.009389671361502372,-0.002034971008610942
2020-09-04,0.03429466380936019,0.01980583413133341,0.01628447158686419,0.021612501455028577,-0.0007583111948311627,0.011011437713011274
2020-09-08,-0.03993976400621968,-0.028179732089426368,-0.040106222698168215,-0.03477587510492075,-0.048188217788749266,-0.03307791738156973
2020-09-09,0.0011774210041008981,0.00705330336783061,-0.001284050337425846,0.009507652072115125,0.017739749587964093,-0.005423411117670529
2020-09-10,-0.014504148801005923,-0.008754878396509125,-0.010928724658918254,-0.0103103091822071,-0.015080306248609898,0.004614119532194039
2020-09-11,0.014319833694975914,0.0009813392799185028,0.004549790945963306,0.012421094270518074,0.0011930315669417269,0.013361155934466185
2020-09-14,0.009803921568627416,-0.05588232302198226,0.0020903751382286284,0.013851801030039912,0.015888839642547392,0.02224964969071408
2020-09-15,-0.018252400518621092,-0.06936656379528383,-0.01658883678673273,-0.031131086204786107,-0.014858301340342162,0.00282143072676444
2020-09-16,0.012658215432457043,0.02700287987926453,0.013535316544349696,0.00423044091568725,0.015082400187260037,0.03336012667616517
2020-09-17,-0.009765624854480848,-0.010647580912488519,-0.029150842426917012,-0.011434297136841964,-0.017595337224448726,-0.02333716435188271
2020-09-18,-0.005522733526245105,-0.014715532328324343,0.0001539741262379657,-0.0021306725819246752,-0.0033830481382152167,0.0007964376714031385
2020-09-21,-0.02935342316509426,-0.02073117014093806,-0.004413428141526343,-0.030910025040084332,-0.034345071042640174,-0.0433743844663943
2020-09-22,-0.021659125221455522,-0.014568617919472948,-0.01226806640625,-0.01091177150527134,-0.015095110277564161,-0.016223015064245283
2020-09-23,-0.028404356307695,-0.03326408895708166,-0.02870264137433265,-0.01622996535249588,-0.025404217342752222,-0.03467229209516487
2020-09-24,0.0034393775975427587,0.00812425722782617,0.04830220142389141,-0.0008625641956306884,0.004093116090068349,0.021462977343655654
2020-09-25,0.006426718832460709,-0.0040293475818624636,-0.0008200689949712237,0.008741609395435113,0.009225494519308874,0.013722114022807652
2020-09-28,0.025542800652022635,0.03141360496059531,0.02113367756076645,0.028779313215740343,0.028486397247190043,0.0076142263038552205
2020-09-29,-0.013283507380544513,-0.02122754915559555,-0.011453327745010622,-0.008423514529330767,-0.02356344283753542,-0.02350963363211389
2020-09-30,0.013462334398891551,0.01626597056082346,0.021240957757910905,0.009648643772081522,0.023496967743764197,0.010748065242474736
2020-10-01,0.00041511950263561914,0.007654790342967122,-0.012041589064268776,0.007271264174154579,-0.02254395422931199,0.002126722100118217
2020-10-02,0.004564261463145369,0.005064484982922224,0.006799248672761937,0.009487451349530218,0.01502333737592254,0.018251286711503445
2020-10-05,0.01693522388539459,0.028630325340555318,0.009504798465663544,0.011747895934715036,0.013133150664713211,0.019174697632764914
2020-10-06,-0.010154345713977775,-0.011133377904671948,-0.0035183682018333773,-0.010298912187318265,-0.017695407873566826,-0.011042963163131247
2020-10-07,0.02092730012188393,0.009682510845602676,0.012482022036578222,0.01744548839451676,0.020318336235907175,0.026054555534134938
2020-10-08,0.014469478396094582,-0.0026761581506783427,0.021512718530060093,0.02055545325739483,0.0059536218636428995,0.019750091965572425
2020-10-09,0.004754391454896645,0.004695864909221914,-0.002115599819430103,-0.005698583592169015,-0.0034693503866389808,0.0
2020-10-12,0.012618284192532636,0.021144018617556437,0.03170474146630098,0.012253019076653215,0.03911529338091069,0.015019805516776064
2020-10-13,-0.028426773113752524,-0.04795119249612145,-0.015458610284304286,-0.016204642937790448,-0.005912555022345001,-0.03660438173235381
2020-10-14,-0.05330660853853064,-0.014880987210109664,0.0019923066923264177,-0.005556633909275188,0.004163420001734863,-0.06022634538815197
2020-10-15,0.022438558868149272,0.013479011097107918,-0.01245083405396552,0.014967072258328162,0.013425474524977998,-0.012903192991851498
2020-10-16,0.0037267144517398876,-0.009630863970749082,-0.01145733135051985,-0.0020644817337056587,0.010130462195927947,-0.003921575145793721
2020-10-19,-0.02145216430171959,-0.006714450336906097,-0.0025217218152875365,-0.01684562159872449,-0.017357719144983963,-0.013998236495204375
2020-10-20,0.01770658045750806,0.014452189040384145,0.011376325101445817,0.005711419613169788,0.010206093228204871,0.011978639727074913
2020-10-21,-0.0037282582793470853,-0.011718798962914279,-0.02461181150426006,-0.009963136122700278,-0.021177387346737686,-0.004822389547495143
2020-10-22,0.03409570179566779,0.021855440085791322,0.012271402047389302,0.035322475695077626,0.027590300916610078,0.024229040465870266
2020-10-23,0.0012062234935492633,0.0,-0.001752680725652711,0.00903966106146914,0.0019315911384369944,0.0012903521137852536
2020-10-26,-0.014457779458559639,-0.015699713980166563,-0.019020649747300444,-0.024756764813269827,-0.02988238421010947,-0.02491408533500472
2020-10-27,-0.02811738012695142,-0.03190007644385551,-0.0271453054113322,-0.01886602205666743,-0.034379959314949526,-0.03876656557439173
2020-10-28,-0.01593295857598709,-0.01790830899885054,-0.030202313085285426,-0.028088199578136686,-0.02099198301215377,-0.029330861530683094
2020-10-29,0.0029825992424730163,0.0128859412966984,0.0008958115883332951,0.006525763905567139,0.011561892801954077,-0.0018886173253532812
2020-10-30,0.006796934629963003,-0.005760962058229735,-0.004738386562625596,0.008953409107504529,0.0006234953171260216,0.014664209188332
2020-11-02,0.016033719347419595,0.019072934583556966,0.006136287046696998,0.02254181011663614,0.025545161023001084,0.02097896688042611
2020-11-03,0.025332251340708378,0.03127220382503615,0.04064140826270668,0.03152123353725056,0.036451988621418074,0.008675823624072265
2020-11-04,-0.04090725828412323,-0.033310291497913314,-0.00030312514936547963,-0.030558007448047708,0.004884720564855449,-0.00950660888957422
2020-11-05,0.039273661030000406,0.023526564179921605,0.025724019418230437,0.040897740390235304,0.014971815150585988,0.02056676326324358
2020-11-06,-0.012190212798409816,-0.008358500415657666,-0.00837609455456867,-0.01332055016745548,-0.009578543921305527,-0.018808780910386957
2020-11-09,0.14191694112428133,0.11542965138971639,0.06792208358368512,0.1353924103084858,0.0835589870613882,0.10543128626334641
2020-11-10,-0.003602319187507974,0.0002099524844376699,0.011817841304044618,-0.003250683300704438,-0.004819715379460576,-0.0012385953818063733
2020-11-11,-0.011569041814516123,0.02686251287110042,0.002667042938331754,-0.014933040798993824,0.010582962378258065,0.0
2020-11-12,-0.023774675014723745,-0.013284314772631367,-0.016234847490837256,-0.012284335665711521,-0.014022025441742136,-0.015709014457449988
2020-11-13,0.011614816775548986,0.00787077625772814,0.02130440278423995,0.00626267149397286,0.019081933174606158,0.01091979146214328
2020-11-16,0.021481478655779762,0.03575835766385316,0.015063004492316123,0.028225816698984163,0.02649708503493131,0.03448275588821592
2020-11-17,-0.001087769642077574,0.0065475794914009455,0.010207702868196611,-0.010144948085646477,0.012046132431372758,0.005622542134212871
2020-11-18,-0.020689644668209217,0.0063078986341760235,-0.001557938367395817,-0.007406774660501436,0.0,0.0007986641247539339
2020-11-19,0.0,0.021351619370771457,0.0012037640159934249,0.002689783588665895,-0.0030607090796214154,0.04389466899090211
2020-11-20,-0.006300966611501035,-0.009397734359521515,-0.005432609791661824,-0.008566959888239523,-0.01398600852610521,-0.02599389560940879
2020-11-23,0.0216337163468745,0.03194574370641434,0.024535462627206073,0.02880337837608371,0.04255317464166697,0.03218209221177437
2020-11-24,0.05805039021610203,0.07054413114542912,0.03788838045522702,0.04623735319629674,0.055251335507970234,0.08783275438410976
2020-11-25,0.0017253673291577343,0.0,-0.0040421335320723895,-0.010460597783973902,-0.001886775703832666,-0.0006990722592447041
2020-11-27,-0.0013779164512988107,-0.006834966613377236,-0.004819478405368116,-0.006637692097815284,0.005671087160484811,-0.004547081756607341
2020-11-30,-0.02863055985716001,-0.028233607302247665,-0.020475752720491736,-0.027553241491922398,-0.03148493603898783,-0.039002063904089446
2020-12-01,0.01882104721297484,0.007263510588261468,0.006505334322527423,0.015778763604421764,0.0234513489455197,0.02595974678500168
2020-12-02,0.012896442140025277,0.031188020626735424,0.024000310330419605,0.019208310445892662,0.011694024621435872,0.028866763674537887
2020-12-03,-0.005161721310630751,-0.01083914202124403,-0.009173123213842005,-0.006555252751198837,0.0006248190819246879,0.010044994795587625
2020-12-04,0.013144277762742629,0.03605509075311475,0.017454455298105298,0.009072900804213857,0.014673782036074279,0.013374464735570024
2020-12-07,-0.006828294868144846,-0.008358885579969,-0.004716607705885889,-0.00376000570739099,-0.011384582519531228,-0.007106568185940354
2020-12-08,-0.00550016660614816,0.003956640942889722,0.001635560472383224,0.000984597549116506,-0.005446658530704029,-0.013633252094410464
2020-12-09,-0.004493642127337827,0.0101096666623961,0.01666392165195618,-0.007786860231493331,0.00719766703595992,0.003800922632101411
2020-12-10,0.010763936857751677,0.026293455759121898,0.0065068220270498855,-0.006443671119594208,0.0010874583165672025,0.015146318265519376
2020-12-11,-0.018550357410000107,-0.0259504081789127,-0.01804414285373579,-0.005903376605054467,-0.017380550964448238,-0.013903012905875145
2020-12-14,-0.012250626013591948,-0.0032241409422204548,-0.009167099281948698,-0.010538595956548491,-0.022741608238300293,-0.01513069240756526
2020-12-15,0.014883064724072748,0.01583242192550771,0.019513013670281465,0.01707520364291648,0.033451836766221765,0.03805866535674074
2020-12-16,0.0027932934850189994,0.0013407379505556705,0.005527416727153067,0.002908896900006841,0.0043784611517379,-0.0026908821035265262
2020-12-17,0.003830104908826071,0.005020907733230828,0.002707422536624593,-0.008287064019011137,0.00685030031162559,-0.006070836677626312
2020-12-18,-0.005549769262418458,-0.016486226084055366,-0.00940959727483004,-0.004930194258528253,-0.007576896206018868,-0.015609063291162184
2020-12-21,0.03732123097233475,0.03674226411255499,0.061330714095937156,0.03753779939510715,0.05687132297480768,0.01861423660524819
2020-12-22,-0.01782113956706266,-0.032173791204166524,-0.026811480869631032,-0.015216550678877172,-0.017543895168545154,-0.019966164731670566
2020-12-23,0.028757281031015713,0.025649687830169077,0.025430908721945755,0.02794445284003233,0.023559419405818627,0.04799728387223401
2020-12-24,-0.0029950134733079947,-0.0034550689156016556,-0.001130857988369871,-0.004397561790196236,-0.0017593131240687399,-0.016803961201701245
2020-12-28,0.005674235029668351,0.00924552379251331,0.013390039923272479,0.006585285230730653,-0.0005873592052252352,0.003016090888997125
2020-12-29,-0.003982706114410428,-0.003598907522641581,-0.006086469411591078,-0.0026327924948279513,-0.004996384306207191,-0.005011681156058434
2020-12-30,-0.0009996896506729858,-0.0008208707467707299,0.005581188275270099,0.0027997637640200246,0.001919912201679308,-0.001007410542437026
2020-12-31,0.011007335848726152,0.01314491010577612,0.016419267865162235,0.013640707371945116,0.010171027102795716,0.014453791770614455
2021-01-04,-0.009237835177512754,-0.024651321140531368,0.004891769696718562,-0.009443589762525684,-0.0029183854050003344,-0.015904557236005368
2021-01-05,0.007658992240336948,0.025939497657519572,0.022377330852004773,-0.0017478447279138942,0.016976379359434635,0.02794612465942259
2021-01-06,0.06245873373104427,0.05753645369795324,0.05396226151559036,0.04695584125929142,0.06029648251854125,0.07075001282290527
2021-01-07,0.02208395181260414,0.011800714836266657,0.021362305600721276,0.03283916355159655,0.01710100612122223,0.022636944311835716
2021-01-08,-0.010042660527240788,-0.009845409414340534,-0.005383189977970604,0.0011040638894852517,0.004136609934542346,-0.0071792305197687645
2021-01-11,0.016600090248728216,0.016368359337114446,0.012927468883020543,0.014924266398570252,0.010764087157391966,0.0015065698652236836
2021-01-12,0.017840948232008325,0.003461705585304564,0.028519910375966573,0.015718928800977583,-0.003418281819370872,0.021058872229108516
2021-01-13,-0.005941793340644597,0.0028498942046581988,0.002415575285295013,0.0009271493487428284,-0.003166299254634408,-0.004124908524252735
2021-01-14,0.01583988668547498,0.032156767966676325,0.016273825298904754,0.005842479727609762,0.012043458066600676,0.028106532082338376
2021-01-15,-0.028832106753158615,-0.06926530403318687,-0.022282084842179306,-0.017921646327919483,-0.016084782755313887,-0.07798558516468079
2021-01-19,-0.007270459738647594,-0.008407359520499202,-0.02262382425054965,-0.0043277993808216175,-0.0033227007854605972,0.01841448613386154
2021-01-20,-0.013121766834577775,-0.006908441453859049,-0.0126784868509906,-0.01499559668290451,-0.0020002871069739747,-0.0052099901341621235
2021-01-21,-0.017625222391305595,-0.021818198705379155,-0.0037869869483693197,-0.008384197833447238,-0.0018706493385750589,-0.01417125993366708
2021-01-22,-0.006924810120654712,-0.008727931310045456,6.918316199944208e-05,-0.007713480166120834,-0.007630518314735157,-0.003125011920928955
2021-01-25,-0.012361312173672645,-0.012555037253786261,-0.021942727053764655,-0.012482235239923645,-0.02360717745634766,0.010658371912299902
2021-01-26,-0.0070603117596858,0.005779367010970038,-0.004522324550077617,-0.004087142795107246,-0.016164661693048976,-0.026675014668953723
2021-01-27,-0.03587590792474982,-0.024790647271645927,-0.029919161347175094,-0.028271782709651472,-0.03917990382527192,-0.03855956395261728
2021-01-28,0.0164264087285082,0.015824892299025395,0.006183011467566946,0.01759737204175993,0.013154071177502669,0.02121310533742138
2021-01-29,-0.022097628068522668,-0.038945947434179895,-0.013998893679492141,-0.011067576932219936,-0.03274663377178144,-0.030185015296862017
2021-02-01,0.010455294095472523,0.007587491187681206,0.013128286249624255,0.007383204801128862,0.009246757479025147,0.003681412765767389
2021-02-02,0.03571434028272047,0.01968169638665973,0.044552796363350744,0.030782330222715704,0.04847050196614466,0.025341788418876687
2021-02-03,0.017724757489201437,0.02551185962324265,0.0055057551853667785,0.01145122949111288,-0.004933030150465201,0.030894333754128533
2021-02-04,0.029132364740866556,0.02144028487735339,0.01802118325079327,0.023013176146201575,0.023937712152015678,0.03028388206207855
2021-02-05,-0.004000032865084102,0.0027239542390358196,-0.0008510638297872797,-0.0019530146290122063,0.012864853968704626,-0.0030618026512029273
2021-02-08,0.022242855868429334,0.017098109036699283,0.022657560124307974,0.015654469698452633,0.013794074288336455,0.025798529396775294
2021-02-09,-0.004230866999179739,-0.008326827671459647,0.0010328088119191392,-0.003995986592212786,0.00013464241390215292,-0.004191712513462842
2021-02-10,0.0009104333414953203,0.007921419652423767,0.012713863518796886,0.0005731611262731473,0.001212337956290277,-0.0018038954185667366
2021-02-11,-0.0030320944666184513,-0.006601668909095526,-0.006441407463327109,-0.0027924916183733606,-0.00820665404715093,-0.014457817204996615
2021-02-12,0.014902610944398598,0.006803802214950805,0.0132310131750899,0.014216957469646463,0.012072699062822156,0.02475542568382405
2021-02-16,0.026970379223445695,0.007700796326284065,0.018412065800487598,0.024070753249446852,0.019300394446136293,0.03757835317931657
2021-02-17,0.004085187854636407,0.009981275144012036,0.00250031670939177,0.0031110420049744736,-0.007889626291103125,0.051738982169936554
2021-02-18,-0.0063935257680528546,-0.0197653266178327,-0.009081014346013938,0.0033769139473738274,-0.008217298108213478,0.010112023239732038
2021-02-19,0.010236978732866664,0.03623187230066449,0.018457571259629546,0.01669076169856254,0.01563541547929992,0.02353903593432527
2021-02-22,0.01766070046852075,-0.003952601718689941,0.003960458840815528,0.009390618494307335,0.018421072708932895,-0.015067498861540352
2021-02-23,0.010526284945175712,0.01862028820528372,0.007384720465644756,0.008031570302052815,0.0012919699244147154,-0.003220583394804244
2021-02-24,0.024211728583004355,0.02786935375916877,0.035807222515990444,0.01759507260968851,0.0307096419795867,0.03096396189493289
2021-02-25,-0.012369454363041488,-0.01734686353470749,-0.008710394251206233,-0.013571720642087781,-0.018152190762376952,-0.019065017622924563
2021-02-26,-0.03395494601561089,-0.02269702307628574,-0.025262382635446445,-0.026524637525520478,-0.01989031687522258,-0.037007538698710984
2021-03-01,0.031115006036915194,0.05555561345928095,0.03267810843368535,0.02262690679136914,0.029790566328933288,0.02543549986774596
2021-03-02,-0.007264658552094905,-0.009059494465397666,0.0030916251580939136,-0.0032558504529173193,0.020591172031465987,0.0013480516811767984
2021-03-03,0.025049237833552507,0.021332078264231447,0.01054568867054062,0.019332106269367877,0.01571972556844381,0.014808811149680245
2021-03-04,0.0021966456638349285,-0.008098887710549563,-0.015369387445588356,-0.015368556976223191,-0.01157685810999265,-0.014062053558189569
2021-03-05,0.011780830278788512,0.006016413307955215,-0.005830767341586163,0.002324695199197313,-0.0029589182833626992,0.007265889635962308
2021-03-08,0.00541567184637759,0.028335437400674124,0.020832719632040142,0.013252931889644826,0.0028440178029891516,0.03312844920276592
2021-03-09,-0.021815280096681433,-0.017031339464738116,-0.010772333334977069,-0.007062990028050775,-0.0030826141147187736,-0.013964239110405008
2021-03-10,0.028909670866824833,0.038878746573945966,0.03457452676244577,0.02173485485055715,0.02770560180636883,0.03802781857648463
2021-03-11,-0.003478652853453834,-0.005966134798728762,0.000233954424928573,-0.005221411287942845,0.0019256669775109536,-0.01768571830611254
2021-03-12,0.018796909685612206,0.02550815453359423,0.019614122582177762,0.01185838831915631,0.013093049103791277,0.028034982578274192
2021-03-15,-0.005007871206806791,-0.012769341321837713,-0.007912645236498372,-0.004995189303778957,-0.005691199293109572,-0.006755077546102717
2021-03-16,-0.0029139234530215496,-0.01199136856656613,-0.01254153009965464,-0.011971427359244391,-0.015740516160469453,-0.008816178390230411
2021-03-17,0.008235955853290289,0.0036819396744112165,0.009481785235943452,0.010292501384881136,0.015992242308976,0.012452393836534847
2021-03-18,0.026086899706635247,0.0032608406079508434,0.008841825438574702,0.016506529234911804,0.0009539927316053465,0.024347420105120587
2021-03-19,-0.010529015456381963,-0.011240442075079682,-0.010919505152209075,-0.015921310523386634,-0.011913271037823026,-0.02891448824963916
2021-03-22,-0.022579780935581995,-0.014381632941177003,-0.014148824700902063,-0.026878936350076765,-0.012298097931471963,-0.016654045662974237
2021-03-23,-0.020180518444304463,-0.014591376260729372,-0.02227919092845554,-0.010001950683092842,-0.03417963238461985,-0.018732345890933977
2021-03-24,0.0,-0.011705003359042232,-0.009404090847586977,0.007761195980280133,0.0026541844942205017,-0.003138147000908864
2021-03-25,0.020596159623467614,0.02340181716321954,0.005781207764399943,0.01281375645423899,0.010084399393649246,0.030954888201447206
2021-03-26,0.027084451988752756,0.018125981598394292,-0.00955974364310197,0.01665023425316514,-0.0018718819621321714,0.011704811536964899
2021-03-29,-0.009565639321757136,-0.01972055434418396,-0.005070416285884449,-0.015539388219848571,-0.026256639352010835,-0.0331991888970814
2021-03-30,0.017749942072564417,0.019279089384142134,0.019279767192101005,0.011789383927861108,0.015536711956157134,0.02471386048071733
2021-03-31,-0.00769435852380318,-0.0028782769614555948,-0.015089935900311269,-0.01456499263482891,-0.018080575824937384,-0.008123881690343837
2021-04-01,0.020677257176368702,0.005360816352555808,0.001957231340787402,0.009722203428140785,0.0072108876150744905,0.014333283277839337
2021-04-05,0.007850026472973948,-0.00533223124012816,-0.012513752655990418,-0.0005855936032014286,-0.0028125954649678153,-0.0037850497561452423
2021-04-06,-0.0027638344839246987,-0.00206187664438362,0.01087960969495727,-0.00703034673468661,0.013974312024238822,0.009371806893992973
2021-04-07,0.009070310476385401,0.0012397240933446074,-0.0015593767792823066,0.015668018190910127,-0.0006321333250501882,0.0035132549487202347
2021-04-08,-0.008739038221933892,-0.004952546406113423,0.014056123188033398,0.0012263761078454838,0.014676062996944683,0.0010001775231636145
2021-04-09,0.007304808814967645,0.0012442463101387524,-0.000996608912378405,0.007478105328929674,0.006483844042993292,0.011741224957174001
2021-04-12,0.0017504299046307015,0.0037283109539860693,0.0031135660557370937,-0.0021116063068360447,-0.006689803113987591,0.006666677969473289
2021-04-13,-0.018472332828230353,-0.008667008689679623,-0.012536173179900634,-0.011926903794482802,-0.00810677879028332,-0.024037270817585
2021-04-14,0.01424215100807169,0.011795810884179803,0.023407023923256,-0.018690308861505578,0.015843105187604678,0.05529029184015277
2021-04-15,-0.02858574120149382,-0.005074787107359868,0.009542214495935841,0.006348729663736563,0.0003713179719881943,0.005953798285466716
2021-04-16,0.010583371957880061,-0.0012407494644226524,0.011106217401267049,0.007425937414797801,-0.027592221793542038,0.03787875024959453
2021-04-19,0.0005107699179318637,-0.0044168351732688516,0.002278632773976552,-0.004240111822137238,0.01832297376901626,0.0009124296393274722
2021-04-20,-0.02782732675118671,-0.03244137566884131,-0.03267361792746071,-0.02214208817011476,-0.03423713489395108,-0.030537833180719343
2021-04-21,0.0168067058527952,0.012322690916604095,0.010214487408050976,0.008507998776189352,0.025359025245902167,0.016455118661832246
2021-04-22,-0.009297536131250839,-0.011889652500254533,-0.013183353878942095,-0.021057515014764605,-0.012113553116374187,-0.012488457321135127
2021-04-23,0.021376425489496365,0.022489611083376326,0.025691400463025982,0.01913555959594282,0.03397619110497785,0.027166272287725723
2021-04-26,0.0058703302819000935,0.011487807878627354,0.012288147444100117,0.0024635136238968514,0.007041380065630598,0.006383921007761861
2021-04-27,0.011925938150796123,0.010941841397772656,0.00905337671344908,0.004582906831794631,0.005397478649720622,0.021522446218298796
2021-04-28,0.003761226358179881,-0.0010959611453813523,0.004269625964002488,0.006479310595299603,0.00939487897830893,-0.00022174143932951473
2021-04-29,0.0269798117409199,0.01275535083074697,0.013961150422710178,0.01944430662118002,0.010999588973648722,0.02573202751320669
2021-04-30,-0.014108533749538354,-0.0352112486872771,-0.012805589704620979,-0.00889235685999512,-0.013031998396039302,-0.02573534598205718
2021-05-03,0.0007402564741616491,0.0065974345142723045,0.004907422571884146,-0.0029256677419213784,-0.0010902963532142262,0.009544956991298648
2021-05-04,0.010848092007184285,0.008645973427662268,-0.0009138888533013478,0.013823650943858956,0.0021828802713348416,0.005716845621095645
2021-05-05,0.009512180235327738,0.019079181784638966,0.02223873445214264,0.013120713924489324,0.022628300585591177,0.004372473565875223
2021-05-06,0.014979438053333904,0.01451634388976153,0.023348823381028838,0.02012441647387342,0.027452368195238774,0.015019644362921136
2021-05-07,0.004046702938224955,0.004011808727668376,0.013443761541447552,0.003422758375763779,0.010019522041243789,-0.001930091154328295
2021-05-10,-0.0030820546983088004,0.0006658953269045309,-0.005958699035753523,-0.0001240651933728243,-0.014025037290080755,0.0012891610961214273
2021-05-11,-0.011414971485024017,-0.0034605951862205497,-0.0237603868451588,-0.016623296825940992,-0.01792532704841343,-0.01888406185048841
2021-05-12,-0.009381751082788603,-0.008548141661149478,-0.015336795191463581,-0.00687521372555755,-0.014601953491598096,-0.001749821279936059
2021-05-13,0.016027193844609045,0.014279907189236773,0.012443577138992579,0.025722471452883866,0.01410134202763369,0.016652106625637764
2021-05-14,0.012428309174647767,0.01686806518293582,0.027758400052528165,0.015541761652234864,0.029342420997647167,0.012068912503837348
2021-05-17,0.00897075218696708,0.011233028184116423,0.001301654149276077,0.004024167332569828,0.00847164140465062,0.02001708815443881
2021-05-18,-0.01357046813938012,-0.010333188340014399,-0.012701428412745464,-0.014088735599847801,-0.012714214595849094,-0.0217119182128932
2021-05-19,-0.00450660880921816,-0.0020882753376892937,-0.016951922090102545,-0.007637853073891643,-0.010578339151802951,-0.014724763816025721
2021-05-20,-0.002382708742191597,-0.003400498814330577,0.003906450910792669,-0.0017379354368823874,0.004880861755375943,-0.009529968467811956
2021-05-21,0.012658290124544003,0.019028932227144413,0.018011037323681922,0.011378485420755258,0.021625940682186373,0.0032801558578710033
2021-05-24,0.005424517310357757,0.004893718556996163,0.005542507304021171,0.005409993878098263,0.015281935244280564,0.007846569354196253
2021-05-25,-0.014543812597878625,-0.009611687962745363,-0.010263647374609164,-0.010333785324671996,-0.009254117610231094,-0.0032439775180362895
2021-05-26,0.0007141774623391495,0.0031055624684330763,0.007928408146370414,-0.00012359760090552285,0.005514268066665329,0.006726000700037149
2021-05-27,0.012131263330796838,0.015995943586963213,0.010805664906520684,0.015571922659258997,0.0106323961260264,0.007758551375337985
2021-05-28,-0.0037602785024906105,-0.0006348787506547104,0.0017502595929412834,-0.0006693070049677008,0.007198160293658162,-0.0008553700227927896
2021-06-01,0.012502920191744593,0.013340148189189271,0.028009283735964674,0.011020442633077554,0.012754301275782476,0.01155815682193917
2021-06-02,0.0004659939099938004,0.0012537421193932197,0.0026147892312944343,6.018974195876048e-05,0.007056796456104353,-0.009521730093611791
2021-06-03,0.007219408085825885,-0.00288008208334245,0.013770078097429916,0.0006624148619100989,0.0063604605897285005,-0.00747708349818732
2021-06-04,0.00046243832979597777,-0.0017581237533249583,0.007023078251067627,0.0016248677585373184,0.006534554047375574,0.010761945971865083
2021-06-07,-0.0034666402655882944,-0.0022644396781122955,-0.008404670947313342,-0.00468636606498174,-0.007982120128861792,0.0031942403918936435
2021-06-08,-0.005565813305066336,-0.002899958827626281,-0.008913827860765444,-0.00398408576312459,-0.004505934696605762,-0.010613457727065567
2021-06-09,-0.013059733193603429,-0.011886727613062753,-0.0049909367476211886,-0.012484833688446995,-0.001293272393555367,-0.014803742380835927
2021-06-10,-0.014886603796272824,-0.01599692871466274,-0.023094196055388982,-0.015588612414776826,-0.010683046113421524,-0.018074870414928057
2021-06-11,0.004077764193872291,-0.005332241331374554,0.010991028840800388,-0.00068578936743946,0.00403580655923208,0.013084944568447332
2021-06-14,-0.011944576987807154,-0.01725940947810578,-0.013569566276626088,-0.016969156378081718,-0.01444868861445725,-0.011602425038443442
2021-06-15,0.0007253089664938095,-0.017828684167037867,-0.004344163832546766,-0.015167954162239594,-0.00022050564585274213,0.0068659479095714016
2021-06-16,0.005556886823580243,-0.031969664320074864,-0.0008079391404021141,0.0070241761059819385,0.004410160301407284,0.0024197231096982907
2021-06-17,-0.043728970243435805,-0.03638397015717343,-0.025606469002695365,-0.02886036758379862,-0.035016409060839915,-0.06100502080127557
2021-06-18,-0.02562815269639196,-0.018152773582928106,-0.03504844654974926,-0.025303086958912924,-0.043453613526184376,-0.024304764974892867
2021-06-21,0.025012925508934636,0.012424143326542403,0.024969246647182475,0.016968594766808787,0.022000311381652704,0.03664667734842819
2021-06-22,0.005534621904481174,0.007450725477988085,-2.7996211293235262e-05,-0.0014623809919886988,-0.002792709871374477,0.006007443243155608
2021-06-23,0.005754304108382069,0.010005836000099633,0.009845296970016681,0.006058107733486251,0.0019837316732054244,0.009646259993429052
2021-06-24,0.01567166806364928,0.023977001182474034,0.02132672058542351,0.009197984611967192,0.01409105678083633,0.027752530621276694
2021-06-25,0.01934844637281441,0.003224948933227223,5.420749470341768e-05,0.01009775490387832,0.015158471142262542,0.026560441674055912
2021-06-28,-0.0014415559859081162,-0.0005590623874384137,-0.00016269642427846343,0.001817583730931771,-0.007918603682736336,-0.012721003428210254
2021-06-29,-0.016121317649261724,-0.02559085129893346,0.010604550331491991,-0.0012311439069004892,0.0335234041472241,-0.02183882900209555
2021-06-30,0.008314995296232919,0.015355908297043142,0.018544371618963273,0.009082612573166893,0.011584323243913452,0.011163205844603175
2021-07-01,0.007518830384013242,0.0036749418548476243,-0.011962186281780474,0.009901045463521774,0.003599020535210773,0.0026495678838378556
2021-07-02,-0.009388526265117547,-0.008449492410520065,-0.0022133566065239973,-0.006684511328737597,0.00010869524663492669,-0.007487340976224832
2021-07-06,-0.02624548702326246,-0.031245625098875518,-0.01149245848957725,-0.016791611470134415,-0.019776156894111052,-0.03505653488031568
2021-07-07,-0.00798601690195555,-0.004104952104604487,-0.005921083681832973,0.0011732786095077774,-0.0019953476000729164,-0.0020694446795676003
2021-07-08,-0.024402546432783057,-0.017665198628753043,-0.02374414738079811,-0.0172536881285843,-0.02654670023385619,-0.024884833942014795
2021-07-09,0.03249103083786409,0.025775415926603262,0.03571629586287606,0.031999481601503676,0.030693775218396224,0.03757089234531241
2021-07-12,0.01473526820922455,0.014463192655985724,0.02350976437698371,0.01431595086585813,0.02679063566799722,0.005693463923223785
2021-07-13,-0.01895152442828596,-0.01540898123854606,-0.011879077565497664,-0.014873456351364722,0.0049595588622388664,-0.021059789592147826
2021-07-14,-0.025087806941485602,-0.002925326453153021,-0.004202396520226692,-0.00340506778078864,-0.008046347037513724,0.03978721348406822
2021-07-15,-0.0007719706337030452,0.004107360815867267,-0.0028044546209555765,0.0021919262982366128,0.0018386131368008929,0.0011123300603315123
2021-07-16,-0.02343558123094369,-0.022644200021444738,-0.022900812028315065,-0.022835474710172776,-0.014897952006222792,-0.016000027126736094
2021-07-19,-0.02610753986217995,-0.02720477807642785,-0.027631543063499797,-0.03251927010938793,-0.020821934530179775,-0.027777768205617392
2021-07-20,0.020579429061815757,0.01859248694574056,0.028304038425718936,0.018643297750603027,0.03324008138134826,0.0415795806562147
2021-07-21,0.020429835123899842,0.02413634714170465,0.023960933217407332,0.021040636932872392,0.03639515404526095,0.021409435352494066
2021-07-22,-0.01300052033027388,-0.014140508073403169,-0.0021151500533383993,-0.012625984082585529,-0.0011496719272650058,-0.016812237349135173
2021-07-23,-0.006849271016962533,-0.0032870345091887687,0.0035952788189530516,-0.0019213761359927473,-0.010672770182311164,-0.009771233369681553
2021-07-26,0.011405843407793492,0.01588963533415,0.004945879331346381,0.006704690061923424,0.021047041771962594,0.00941911117981764
2021-07-27,-0.003933950214450421,0.003098815468049354,-0.002819892460242057,-0.0013188061740292412,-0.0006214787448184378,0.002888270894536804
2021-07-28,0.003949487300864529,0.001765153151838783,-0.0016273219440879894,0.0016507098384785923,-0.00424962321562683,0.008196697760027405
2021-07-29,0.014424317378801899,0.010425831136287922,0.008871487345150086,0.008569565444364269,0.002185896587277414,0.02175349846142205
2021-07-30,-0.008273001352106957,-0.017293923183159587,-0.007071865968700131,-0.007973864187602153,-0.003115864418018588,-0.012043040285828255
2021-08-02,-0.010427568287654454,0.0016267466117061424,0.008829485476635313,-0.00401897888560776,0.002604709223339885,-0.003265078704082325
2021-08-03,0.0155426808961443,0.01697909108942408,0.005737811407355853,0.011377927112103725,0.003844903920611209,0.022712402156224387
2021-08-04,-0.007263262901123335,-0.005226489905728049,-0.0065727208336315845,-0.01079203285415209,-0.0032090845081824693,-0.014520612397773802
2021-08-05,0.01959759579380549,0.017075391939007645,0.017043356510519247,0.012628857008383454,0.015993362767525054,0.018201519497607288
2021-08-06,0.028959534978437063,0.01980194009288838,0.03536306866288541,0.02840356694010593,0.019421460598151308,0.037880372754116376
2021-08-09,0.012951348027502307,0.0063317426505484775,0.005001357563932052,-0.0010793534536209792,0.010127288407092205,-0.002460507089572128
2021-08-10,0.018687046236721683,0.020413965078237117,0.020231059915740035,0.012267162355046102,0.012904537217836687,0.020143874850960142
2021-08-11,0.012551302291414768,0.018087142149998403,0.014510903767485095,0.01193023496677248,0.01803210820640677,0.02075355142312496
2021-08-12,0.0047675985530886145,-0.0022880994799073795,0.002681836507955726,0.0039090941282446945,0.007604937778349363,0.009672358467088138
2021-08-13,-0.012336902465932442,-0.013759566718712923,-0.010168677640248536,-0.011187326989949842,-0.006974259485137191,-0.01524931712073374
2021-08-16,-0.008167190580456118,-0.013814828721085526,-0.005915557434642338,-0.006563339666204704,-0.002116617428666534,-0.019058945896958668
2021-08-17,-0.004843806212274537,-0.006657361133112216,-0.008277225008674782,-0.01208077932062912,-0.00819512595562355,-0.014167188121861907
2021-08-18,-0.007301027888695466,-0.006981289874690266,-0.015235729582774193,-0.009107653817024941,-0.015650826940461604,-0.015191908800618714
2021-08-19,-0.014709543401602576,-0.01799783969711566,-0.013114294455457864,-0.008355849315193398,-0.015109606429185019,-0.015009405928311348
2021-08-20,0.004478733797620871,0.005870614026463494,0.005843910232402605,0.0028519733269876113,0.00932518072667965,0.003597844845403486
2021-08-23,0.013376292539379886,0.009110311596419063,0.014095579757672505,0.01279728355685994,0.014901648573699022,0.004006799846961506
2021-08-24,0.013933016302865475,0.01622233792890726,0.0177107613286005,0.006190180214384444,0.009103295247102405,0.015752992866732596
2021-08-25,0.016152410584295174,0.01582453324764921,0.01116114545193514,0.020612672275911237,0.009700262251657987,0.019230775298557656
2021-08-26,-0.002609741550875788,-0.010112023239732038,-0.0017186083062300517,0.005157853843518412,-0.0024017677855272535,-0.004869175776200718
2021-08-27,0.010704109256411742,0.007592426888833215,0.01765233315063197,0.008037113148425368,0.015504628920754993,0.015494437269149675
2021-08-30,-0.019534050324015784,-0.01808466548098686,-0.014510701476003973,-0.016007363149346587,-0.012897113795262483,-0.028106835721341872
2021-08-31,0.0021603493259130246,0.0033487581874678263,-0.00021759268994814285,-0.003054135413286474,0.0032664423023078815,-0.0559801506509926
2021-09-01,-0.01341320654589262,-0.00834384748935535,0.00036273341138559623,-0.0014379226753813423,-0.001149121384959706,-0.04923413484545591
2021-09-02,-0.004127171027266785,0.002664457269825782,0.0020306443225213133,0.004633142295945136,0.004985181522690008,0.025776729855435665
2021-09-03,0.0007313207938104416,-0.004615410224541039,-0.007696025190364941,-0.006045127633783731,-0.0055327847078494585,-0.008974680920299738
2021-09-07,0.006577355975196042,-0.004917781131457355,-0.002406919939343277,-0.0017555882478722529,-0.0006714599023905921,0.0031696447849105525
2021-09-08,-0.013068754102507518,-0.011013820709658617,-0.012965507967577783,-0.004459560856267086,-0.005855256369405648,-0.011058489354102252
2021-09-09,0.00367831119100126,0.0059965471652672075,-0.001037070191936773,0.004353327706033028,0.0026069001048756313,0.01232316109740017
2021-09-10,-0.01612508777158861,-0.012631271660696997,-0.0027188086965369562,-0.011495708291909046,-0.002118582425530424,-0.0006762574139792532
2021-09-13,0.01663764989642913,0.013655267391252668,0.014325365871700413,0.01588713771163741,0.00752749236269068,0.032257984015618746
2021-09-14,-0.026868551807997965,-0.024673822271666368,-0.013609947689266266,-0.017452729109724174,-0.023850553902073468,0.006337432827021816
2021-09-15,0.007530101303000691,0.024280287853799543,-0.004310213836983823,0.006939557439764377,0.011088187742241296,0.012812164220690425
2021-09-16,0.0077230039363418435,-0.006387465830165917,-0.01311113166115685,-0.0004426360811694563,-0.005531829287263923,-0.007718709585392114
2021-09-17,0.0012360750585289626,-0.0005714416503905806,-0.01315922485904042,-0.0025934826466379457,-0.007026458593987539,0.004105497977913597
2021-09-20,-0.03432097258391209,-0.03802167049063354,-0.034051976864142186,-0.029933955994145722,-0.030663417656825898,-0.014202707770062828
2021-09-21,0.0005113898606889933,-0.005349191590299007,-0.006056140785843156,0.0001306813074954949,-0.0033457792846964818,0.000873108483541607
2021-09-22,0.025811354305231404,0.01942030736406375,0.025622618605378067,0.019152882836973806,0.02543234915957915,0.026826682614348174
2021-09-23,0.038614829612086954,0.03868697937123011,0.016577124317388225,0.03380148091775492,0.02728174520578097,0.015293062404490687
2021-09-24,0.01079397404084248,0.004232548862624919,-0.00257739826928427,0.011539897598165316,-0.006180583010978236,0.002510437945608235
2021-09-27,0.026578048127829046,0.01517282700792788,0.022924373327769976,0.024165864840852924,0.021280679565440996,-0.0075124542865194766
2021-09-28,-0.002311569070757913,-0.01231662556514379,-0.025787242994299464,-0.0053898306354785985,-0.02911510564243458,-0.034482824999805484
2021-09-29,-0.0020852676762297406,0.002241782633565892,-0.011835649169608442,-0.0007827846903851743,-0.02440217406339351,0.024172488123099134
2021-09-30,-0.014395145954906319,-0.01887317904598973,-0.017823314734227713,-0.0136185269562904,-0.02250131014058776,-0.013183052264030604
2021-10-01,0.01484101429428586,0.014249073748240582,0.005211229868170575,0.02101534846416553,0.017881055768358634,0.013143732220580517
2021-10-04,0.0060352439759132626,0.0015453864832810638,-0.015394752903988507,-0.0010770533675059646,-0.01918224601049301,0.0
2021-10-05,0.020304593101453605,0.017393713674359823,0.03116398196530601,0.010242628003145793,0.021101342153012848,0.01999146358055337
2021-10-06,0.0004522943738478613,-0.0015166222556584064,0.005805941392264646,0.002134475290732185,-0.0010080491652965096,-0.0018765670205574958
2021-10-07,-0.002712539376788503,-0.003175859339329401,0.006622876961897672,0.006330564657333948,-0.0030271990613766064,-0.002297902920534556
2021-10-08,0.004986428513807928,0.0022163184278143344,0.005606478083000521,0.0007643299759629851,0.012550585278018112,0.0050251609485210125
2021-10-11,-0.01262971067577523,-0.009260513933320502,-0.019271422242988057,-0.021031616762902883,-0.02748900414667199,-0.015000025431315067
2021-10-12,-0.005481906588883367,-0.014508941282081023,0.003348584201076976,-0.007681221699382679,0.005036466843031162,-0.013324815348638164
2021-10-13,-0.009186989376848143,-0.005379349613551243,-0.0005691698481306018,-0.02636671863968676,0.0080793712966849,-0.012861784977338364
2021-10-14,0.044738069830360105,0.00768575148176498,0.012658265846966055,0.01534162248883919,0.02475400678665496,-0.016069443561987917
2021-10-15,0.028844003680120744,0.021045166660236925,0.03801123377603055,0.019208413569466343,0.011186983759231772,0.06775545358146684
2021-10-18,-0.0019409134065345723,-0.009406561025920857,0.018765225157600707,-0.0003601077868913283,-0.007147011277670368,0.021703166884643688
2021-10-19,0.004321537774735651,0.0020947008043625814,-0.0036984185507688006,0.01212851537344739,0.0033526903225786775,0.01840986934642652
2021-10-20,0.013123937529243124,0.0008360863546219566,-0.010360027600282207,0.01346615005661067,-0.010712494721283772,-0.003575691391143665
2021-10-21,-0.005521306449155161,-0.01824001063993541,-0.0007355372766491008,-0.007843575079692466,-0.003775132813307658,0.003389194261557593
2021-10-22,0.015801790195079768,0.012196859797138915,0.016511717772260903,0.013451320231840036,0.015157601625088502,0.0065566859597014915
2021-10-25,-0.0012613280150503003,-0.007566216824241412,0.001037827447817996,-0.004889954266269703,0.0010805560614337573,-0.0007895956503716217
2021-10-26,0.009471706563616067,-0.002541300303861682,0.006895684994725704,0.0026909526647269644,0.015307599867879995,0.00019759258082818754
2021-10-27,-0.019182614397571296,-0.004812511818002019,-0.015852099684863896,-0.020828425860888622,-0.015463404419105653,-0.011455694624109891
2021-10-28,0.015731246797770826,0.008106950855021777,0.009319003335481746,0.015074770611297916,0.0061843254778857215,0.026173854011190434
2021-10-29,0.0,-0.02426627621272448,-0.0035437085838393445,-0.0027588707385491906,0.0027316954077742928,-0.0038940958053482744
2021-11-01,0.001465041787622523,0.006506606772907597,0.008104526561145464,-0.0005297329931952532,0.011870025639160398,0.010750571514873908
2021-11-02,0.0006270134785975046,-0.014509440128926965,0.017158612159895892,0.003945807755616482,0.006346189058743956,-0.007928831070802
2021-11-03,0.010233873284013706,0.0058309261629183595,-0.01403801373445801,0.00035195376408814205,-0.01958726332913352,0.01364523924658756
2021-11-04,-0.02150087086614605,-0.02898550724637683,-0.023522341985725337,-0.013135550983396915,-0.027482698353475388,-0.026538482079139114
2021-11-05,-0.007606182049952004,-0.00014928561538007923,-0.002426105163780279,-0.0014260517199436995,0.0008017018771491191,-0.003555912860013999
2021-11-08,0.007877345588010787,0.02179428468473321,0.003095238791360533,0.006010083240075126,0.0020025727720232034,0.008524986456841077
2021-11-09,-0.009716921905153608,-0.006720220671747823,-0.007322305581598854,-0.007571269358697563,-0.003597487872983196,-0.019264784014415892
2021-11-10,0.007465837588453983,0.003235788021995978,-0.015369460694511838,-0.0009536515870395279,-0.019456448292239137,0.00942075017945676
2021-11-11,0.0055050209347971,0.009676054405044265,0.00806775220509226,-5.962598214459547e-05,0.011353182453343935,0.004567107614153798
2021-11-12,-0.01221313561919024,0.0042108451279498915,0.006387650612941886,-0.004474673332551027,0.00980988316794873,0.007313677224130899
2021-11-15,0.0029844252846691344,-0.0060729580118566995,-0.00024698353365226744,-0.0017979327020283264,0.003605414279949759,0.002354842008201574
2021-11-16,0.0006376746967193814,-0.014547571007811566,-0.00424890993571414,-0.007204592734339155,0.004789974666389973,-0.013899821333566709
2021-11-17,-0.01210712589958951,-0.013138462027092124,-0.028628863652692682,-0.0053821927090191846,-0.029893753731727757,-0.010522112180577747
2021-11-18,-0.00408511360063879,0.00388933645721945,-0.0004596927120232852,-0.008633782199829909,0.0,0.0012038798777551651
2021-11-19,-0.019861791342976054,-0.011473763454893593,-0.010169355133007318,-0.013063507163114663,-0.007882848491612915,-0.021643322605803594
2021-11-22,0.01938319876302974,0.010551772931541636,0.02263865531389797,0.02131498865025616,0.02486839275249264,0.031134790398714696
2021-11-23,0.026361306242058236,0.015363943395446888,0.02569666948121263,0.02391233665854542,0.025573911833788543,0.021056840883551864
2021-11-24,0.0027368645918997014,-0.011605713516514293,-0.017596086924553722,-0.007844022314029697,-0.0072648523398333165,-0.001750975679301825
2021-11-26,-0.03926102676142618,-0.026456581622956388,-0.02454968243952249,-0.030127059390374078,-0.03154670050198427,-0.05612942878645866
2021-11-29,-0.0037149950869932447,-0.007022886785842064,-0.00731915559285401,-0.004322836904240068,-0.007147931645673511,0.015073292125466153
2021-11-30,-0.024566767451988936,-0.020602708083111154,-0.01435819886132661,-0.01488552974063273,-0.02478662531011333,-0.02807162474366609
2021-12-01,-0.014166877688816748,-0.018524337379008382,-0.011837526873796467,-0.005918292706475703,0.0046403969924317945,-0.011929671607090908
2021-12-02,0.023950712440829358,0.020633411805536017,0.02937738322313055,0.02102734395498662,0.03779129113363622,0.03600933691817376
2021-12-03,-0.022722220352689115,-0.016455148552892984,-0.01241161545269509,-0.018113102823183458,-0.006574969875236314,-0.02371702823616928
2021-12-06,0.006382553015989112,-0.0038240578423850424,0.01716608736719971,0.01181382560675348,0.010793173490227126,0.022198981639602433
2021-12-07,0.0126839759737154,0.006078072062266626,0.027767782937467178,0.015047475068705518,0.03253755884114051,0.02950212223302562
2021-12-08,-0.012301481733904884,-0.006995269169035256,-0.006973027741090432,-0.011441228557258376,-0.012195121951219523,-0.016716420947022748
2021-12-09,0.007472867576878484,-0.005123274087651564,-0.0020890392493284615,-0.0015555969731562147,-0.006617265866126543,0.005666844366759127
2021-12-10,0.0006742813703104478,-0.02301255743838959,-0.013695157026716975,-0.003988528997070806,-0.02137603387093079,0.01026367780892512
2021-12-13,-0.02111407495605855,-0.00873000802651025,-0.016416874521138713,-0.011888431161306223,-0.012800996975758538,-0.03266931005425766
2021-12-14,0.012620450067733158,0.00764372020837456,0.010867285036898044,0.007662149999347889,0.016980565575499096,0.006795675597713879
2021-12-15,-0.004305516356389316,-0.006596268390627991,0.0028033442656199004,-0.00747817762138947,0.006172845701633012,0.0010226884369961553
2021-12-16,0.024123837196633247,0.013778187138631992,0.01913259825347513,0.015638857683438756,0.008749901879832711,0.027789142797591815
2021-12-17,-0.02488886515299482,-0.025053197755731227,-0.039182644677605905,-0.02275424893675515,-0.03160524129499798,-0.04671965228161745
2021-12-20,-0.01640841392837389,-0.021162279423174724,-0.0266893734080782,-0.017989232994689353,-0.018119989257736835,-0.022940610454975197
2021-12-21,0.023864661328506287,0.01887443911905362,0.023438611221429095,0.013966440576761219,0.025165081549401336,0.020490991044539886
2021-12-22,0.0020366633940895884,0.0037049074107207147,0.005284968472177631,0.003908005795778768,0.005420951487053127,0.004601493404866597
2021-12-23,0.0031616845868995824,0.010234909831691175,0.007088175314085676,0.0035736922112303837,0.010579788950619173,0.006870744106638016
2021-12-27,0.004952751683293233,0.007307796845984704,0.007791398123371929,0.005723064903415898,0.010670477421630187,0.00847807779647436
2021-12-28,0.0013441168035708273,-0.0004946841424453563,-0.0011081929282804603,0.003034874281898192,-0.004282871500404739,-0.007176589820241497
2021-12-29,-0.0015659886718001337,-0.0013196637704878666,-0.0036376078992196303,-0.0005042979788356661,-0.012403699596161832,0.0006196322827078937
2021-12-30,-0.0022406965365233678,-0.0018169905630667227,-0.001760805727253123,-0.000504552423603033,0.0007090012401920198,-0.007223989335539582
2021-12-31,-0.000898205747283165,-0.0006619380328535263,-0.0077038838590488545,-0.000820227331700063,-0.006477726415789364,-0.0024947803678065927
